Standing,Team,Region,division,year,Spirit Scores
1,GLASSBORO,Mid-Atlantic,MENS,1979,
2,CONDORS,West,MENS,1979,
3,MICHIGAN STATE,Central,MENS,1979,
4,ORLANDO,South,MENS,1979,
5,CORNELL,Northeast,MENS,1979,
1,GLASSBORO,Mid-Atlantic,MENS,1980,
2,AERODISC,Northeast,MENS,1980,
3,MICHIGAN STATE,Central,MENS,1980,
4,CONDORS,West,MENS,1980,
5,SKY PILOTS,South,MENS,1980,
1,CONDORS,West,MENS,1981,
2,KNIGHTS OF NEE,Mid-Atlantic,MENS,1981,
3,SKY PILOTS,South,MENS,1981,
4,HOSTAGES,Northeast,MENS,1981,
5,MICHIGAN STATE,Central,MENS,1981,
1,B.L.U.,Northeast,WOMENS,1981,
2,SYNERGY,West,WOMENS,1981,
3,GLASSBORO,Mid-Atlantic,WOMENS,1981,
4,WILD AND READY,South,WOMENS,1981,
5,FISHEADS,Central,WOMENS,1981,
1,RUDE BOYS,Northeast,MENS,1982,
2,TUNAS,Central,MENS,1982,
3,GANG,Mid-Atlantic,MENS,1982,
4,HOSTAGES,Northeast,MENS,1982,
5,WINDY CITY,Central,MENS,1982,
6,SKY PILOTS,South,MENS,1982,
7,CHAIN LIGHTNING,South,MENS,1982,
8,GLASSBORO,Mid-Atlantic,MENS,1982,
9,FUN HOGS,West,MENS,1982,
10,FLYING CIRCUS,West,MENS,1982,
1,ZULU,Northeast,WOMENS,1982,
2,FISHEADS,Central,WOMENS,1982,
3,DARK STAR,West,WOMENS,1982,
4,ATHENS AIRWAVES,South,WOMENS,1982,
5,UVA,Mid-Atlantic,WOMENS,1982,
1,WINDY CITY,Central,MENS,1983,
2,SPINOFFS,West,MENS,1983,
3,SKY PILOTS,South,MENS,1983,
3,CONDORS,West,MENS,1983,
5,TUNAS,Central,MENS,1983,
5,RUDE BOYS,Northeast,MENS,1983,
7,THE GANG,Mid-Atlantic,MENS,1983,
7,STATIC DISC,Mid-Atlantic,MENS,1983,
9,KABOOM,Northeast,MENS,1983,
9,FAT WOMEN,South,MENS,1983,
1,FISHEADS,Central,WOMENS,1983,
2,SPINSTERS,Northeast,WOMENS,1983,
3,DARK STAR,West,WOMENS,1983,
4,ANDROMEDA,Mid-Atlantic,WOMENS,1983,
5,UFDA,South,WOMENS,1983,
1,TUNAS,Central,MENS,1984,
2,FLYING CIRCUS,West,MENS,1984,
3,WINDY CITY,Central,MENS,1984,
3,CONDORS,West,MENS,1984,
5,KABOOM,Northeast,MENS,1984,
5,RUDE BOYS,Northeast,MENS,1984,
7,MIAMI REFUGEES,South,MENS,1984,
7,FAT WOMEN,South,MENS,1984,
9,STATIC DISC,Mid-Atlantic,MENS,1984,
9,THE GANG,Mid-Atlantic,MENS,1984,
1,LADY CONDORS,West,WOMENS,1984,
2,FISHEADS,Central,WOMENS,1984,
3,ANDROMEDA,Mid-Atlantic,WOMENS,1984,
4,SPINSTERS,Northeast,WOMENS,1984,
5,SHAKTI NUNS,South,WOMENS,1984,
1,FLYING CIRCUS,West,MENS,1985,
2,KABOOM,Northeast,MENS,1985,
3,WINDY CITY,Central,MENS,1985,
3,TUNAS,Central,MENS,1985,
5,TITANIC,Northeast,MENS,1985,
5,RIVALS,South,MENS,1985,
7,MR. POUCE,Mid-Atlantic,MENS,1985,
7,CONDORS,West,MENS,1985,
9,COGZ,Mid-Atlantic,MENS,1985,
9,CHAIN LIGHTNING,South,MENS,1985,
1,LADY CONDORS,West,WOMENS,1985,
2,ANIMATION,Northeast,WOMENS,1985,
3,FISHEADS,Central,WOMENS,1985,
4,ZEPHYRS,Mid-Atlantic,WOMENS,1985,
5,SHAKTI NUNS,South,WOMENS,1985,
1,WINDY CITY,Central,MENS,1986,
2,FLYING CIRCUS,West,MENS,1986,
3,TITANIC,Northeast,MENS,1986,
3,KABOOM,Northeast,MENS,1986,
5,TUNAS,Central,MENS,1986,
5,CONDORS,West,MENS,1986,
7,TEXAS HEAT,South,MENS,1986,
7,CHAIN LIGHTNING,South,MENS,1986,
9,MR. POUCE,Mid-Atlantic,MENS,1986,
9,R & B,Mid-Atlantic,MENS,1986,
1,LADY CONDORS,West,WOMENS,1986,
2,NEMAHEADS,Central,WOMENS,1986,
3,SAFARI,West,WOMENS,1986,
4,SMITHEREENS,Northeast,WOMENS,1986,
5,COOL MAMA SEVEN,Mid-Atlantic,WOMENS,1986,
6,SHAKTI,South,WOMENS,1986,
1,NEW YORK,Northeast,MENS,1987,
2,WINDY CITY,Central,MENS,1987,
3,TUNAS,Central,MENS,1987,
3,TITANIC,Northeast,MENS,1987,
5,TSUNAMI,West,MENS,1987,
5,CONDORS,West,MENS,1987,
7,LOONEY TUNES,Mid-Atlantic,MENS,1987,
7,CHAIN LIGHTNING,South,MENS,1987,
9,YO MAMA,Mid-Atlantic,MENS,1987,
9,DRIVERS,West,MENS,1987,
11,MR. BUBBLE,Northeast,MENS,1987,
11,TEXAS HEAT,South,MENS,1987,
1,LADY CONDORS,West,WOMENS,1987,
2,LADY GODIVA,Northeast,WOMENS,1987,
3,OZONE,South,WOMENS,1987,
4,SAFARI,West,WOMENS,1987,
5,COOL MAMA SEVEN,Mid-Atlantic,WOMENS,1987,
6,NEMESIS,Central,WOMENS,1987,
1,TSUNAMI,West,MENS,1988,
2,TITANIC,Northeast,MENS,1988,
3,WINDY CITY,Central,MENS,1988,
3,NEW YORK,Northeast,MENS,1988,
5,LOONEY TUNES,Mid-Atlantic,MENS,1988,
5,CONDORS,West,MENS,1988,
7,GRAFITTI,Northeast,MENS,1988,
7,POLO CLUB,West,MENS,1988,
9,PHILMORE,Mid-Atlantic,MENS,1988,
9,MIAMI,South,MENS,1988,
11,TUNAS,Central,MENS,1988,
11,SPLAT,South,MENS,1988,
1,LADY GODIVA,Northeast,WOMENS,1988,
2,SMITHEREENS,Northeast,WOMENS,1988,
3,LADY CONDORS,West,WOMENS,1988,
4,MAMBA,West,WOMENS,1988,
5,NEMESIS,Central,WOMENS,1988,
6,COOL MAMA SEVEN,Mid-Atlantic,WOMENS,1988,
7,OZONE,South,WOMENS,1988,
8,STRAY COWS,Central,WOMENS,1988,
1,NEW YORK,Northeast,MENS,1989,
2,TSUNAMI,West,MENS,1989,
3,TITANIC,Northeast,MENS,1989,
3,IGUANAS,West,MENS,1989,
5,WINDY CITY,Central,MENS,1989,
5,OREGON DONORS,West,MENS,1989,
7,AMANATA,Central,MENS,1989,
7,PHILMORE,Mid-Atlantic,MENS,1989,
9,LOONEY TUNES,Mid-Atlantic,MENS,1989,
9,CHAIN LIGHTNING,South,MENS,1989,
11,EARTH ATOMIZER,Northeast,MENS,1989,
11,JAGA,South,MENS,1989,
1,CRUSH CLUB,West,WOMENS,1989,
2,LADY GODIVA,Northeast,WOMENS,1989,
3,SATORI,Mid-Atlantic,WOMENS,1989,
4,MAINE-IACS,West,WOMENS,1989,
5,SMITHEREENS,Northeast,WOMENS,1989,
5,OZONE,South,WOMENS,1989,
7,AWOL,Central,WOMENS,1989,
8,ZEPHYRS,Mid-Atlantic,WOMENS,1989,
1,NEW YORK,Northeast,MENS,1990,
2,IGUANAS,West,MENS,1990,
3,WINDY CITY,Central,MENS,1990,
3,FIRST TIME GARY,Northeast,MENS,1990,
5,EARTH ATOMIZER,Northeast,MENS,1990,
5,TSUNAMI,West,MENS,1990,
7,AMANATA,Central,MENS,1990,
7,ARM & HAMMER,Mid-Atlantic,MENS,1990,
9,CHAIN LIGHTNING,South,MENS,1990,
9,CONDORS,West,MENS,1990,
11,ELECTRIC PIG,Mid-Atlantic,MENS,1990,
11,VICIOUS CYCLE,South,MENS,1990,
1,MAINE-IACS,West,WOMENS,1990,
2,SAFARI,West,WOMENS,1990,
3,SATORI,Mid-Atlantic,WOMENS,1990,
3,LADY GODIVA,Northeast,WOMENS,1990,
5,HOMECOMING QUEEN,Northeast,WOMENS,1990,
5,WANNABEES,Northeast,WOMENS,1990,
7,GRITS,Mid-Atlantic,WOMENS,1990,
7,WOMEN ON THE VERGE,West,WOMENS,1990,
9,STRAY COWS,Central,WOMENS,1990,
9,OZONE,South,WOMENS,1990,
11,SPIKE,Central,WOMENS,1990,
11,HUCKSTERS,South,WOMENS,1990,
1,NEW YORK,Northeast,MENS,1991,
2,BIG BROTHER,Northeast,MENS,1991,
3,IGUANAS,West,MENS,1991,
3,SOUTH BAY,West,MENS,1991,
5,GRAFFITI,Northeast,MENS,1991,
5,EAST BAY,West,MENS,1991,
7,WINDY CITY,Central,MENS,1991,
7,REFUGEES,South,MENS,1991,
9,ELECTRIC PIG,Mid-Atlantic,MENS,1991,
9,PHILMORE,Mid-Atlantic,MENS,1991,
11,"TEAM ""O""",Central,MENS,1991,
11,CHAIN LIGHTNING,South,MENS,1991,
1,LADY GODIVA,Northeast,WOMENS,1991,
2,MAINE-IACS,West,WOMENS,1991,
5,DV8,West,WOMENS,1991,
8,ZEPHYRS,Mid-Atlantic,WOMENS,1991,
3,SATORI,Mid-Atlantic,WOMENS,1991,
3,LADY CONDORS,West,WOMENS,1991,
6,WILD THING,Northeast,WOMENS,1991,
6,OZONE,South,WOMENS,1991,
9,NY WOMEN'S ULTIMATE,Northeast,WOMENS,1991,
9,HUCKSTERS,South,WOMENS,1991,
11,NEMESIS,Central,WOMENS,1991,
11,I WOKE UP,Central,WOMENS,1991,
1,NEW YORK,Northeast,MENS,1992,
2,COMMONWEALTH,Northeast,MENS,1992,
3,WINDY CITY,Central,MENS,1992,
3,RHINO SLAM!,West,MENS,1992,
5,RING OF FIRE,Mid-Atlantic,MENS,1992,
5,EAST BAY,West,MENS,1992,
7,GRAFFITI,Northeast,MENS,1992,
7,VICIOUS CYCLE,South,MENS,1992,
9,REFUGEES,South,MENS,1992,
9,IGUANAS,West,MENS,1992,
11,NIGHT TRAIN,Central,MENS,1992,
11,PORT CITY SLICKERS,Mid-Atlantic,MENS,1992,
1,MAINE-IACS,West,WOMENS,1992,
2,LADY GODIVA,Northeast,WOMENS,1992,
3,SATORI,Mid-Atlantic,WOMENS,1992,
3,BLOCK PARTY,West,WOMENS,1992,
5,OZONE,South,WOMENS,1992,
5,WOMEN ON THE VERGE,West,WOMENS,1992,
7,NEMESIS,Central,WOMENS,1992,
7,SPIKE,Central,WOMENS,1992,
9,GRITS,Mid-Atlantic,WOMENS,1992,
9,CORE,Northeast,WOMENS,1992,
11,MIND ERASERS,Northeast,WOMENS,1992,
11,HUCKSTERS,South,WOMENS,1992,
1,NEW YORK,Northeast,MENS,1993,
2,DOUBLE HAPPINESS,West,MENS,1993,
3,BIG BROTHER,Northeast,MENS,1993,
3,RHINO SLAM!,West,MENS,1993,
5,NIGHT TRAIN,Central,MENS,1993,
5,RING OF FIRE,Mid-Atlantic,MENS,1993,
7,REFUGEES,South,MENS,1993,
7,SOUTH COAST,West,MENS,1993,
9,WINDY CITY,Central,MENS,1993,
9,TROUBLE CLUB,Mid-Atlantic,MENS,1993,
11,GRAFFITI,Northeast,MENS,1993,
11,CHAIN LIGHTNING,South,MENS,1993,
1,MAINE-IACS,West,WOMENS,1993,
2,LADY GODIVA,Northeast,WOMENS,1993,
3,OZONE,South,WOMENS,1993,
3,SWARM,West,WOMENS,1993,
5,NEMESIS,Central,WOMENS,1993,
5,LADY CONDORS,West,WOMENS,1993,
7,SATORI,Mid-Atlantic,WOMENS,1993,
7,HUCKSTERS,South,WOMENS,1993,
9,SEAWEED,Mid-Atlantic,WOMENS,1993,
9,CORE,Northeast,WOMENS,1993,
11,SPIKE,Central,WOMENS,1993,
11,PHILLY PEPPERS,Mid-Atlantic,WOMENS,1993,
1,DEATH OR GLORY,Northeast,MENS,1994,
2,DOUBLE HAPPINESS,West,MENS,1994,
3,CHESAPEAKE,Mid-Atlantic,MENS,1994,
3,COJONES,Northeast,MENS,1994,
5,Z,Central,MENS,1994,
5,RING OF FIRE,Mid-Atlantic,MENS,1994,
7,BIG RIVER,Central,MENS,1994,
7,BOULDER STAINS,West,MENS,1994,
9,REFUGEES,South,MENS,1994,
9,CHAIN LIGHTNING,South,MENS,1994,
11,CORNELL,Northeast,MENS,1994,
11,RHINO SLAM!,West,MENS,1994,
1,FELIX,West,WOMENS,1994,
2,OZONE,South,WOMENS,1994,
3,WOMEN ON THE VERGE,West,WOMENS,1994,
4,LADY GODIVA,Northeast,WOMENS,1994,
5,NEMESIS II,Central,WOMENS,1994,
5,LUCY,Mid-Atlantic,WOMENS,1994,
7,SPIKE,Central,WOMENS,1994,
7,HUCKSTERS,South,WOMENS,1994,
9,DV8,Central,WOMENS,1994,
9,GRITS,Mid-Atlantic,WOMENS,1994,
11,NY SOHO,Northeast,WOMENS,1994,
11,TWISTER,Northeast,WOMENS,1994,
1,DEATH OR GLORY,Northeast,MENS,1995,
2,SOCKEYE,Northwest,MENS,1995,
3,COJONES,Northeast,MENS,1995,
3,DOUBLE HAPPINESS,Northwest,MENS,1995,
5,PORT CITY SLICKERS,Mid-Atlantic,MENS,1995,
5,CHAIN LIGHTNING,South,MENS,1995,
7,REFUGEES,South,MENS,1995,
7,SAN DIEGO,Southwest,MENS,1995,
9,Z,Central,MENS,1995,
9,RING OF FIRE,Mid-Atlantic,MENS,1995,
11,LEMON,Central,MENS,1995,
11,CORNELL,Northeast,MENS,1995,
1,LADY GODIVA,Northeast,WOMENS,1995,
2,WOMEN ON THE VERGE,Northwest,WOMENS,1995,
3,NEMESIS II,Central,WOMENS,1995,
3,OZONE,South,WOMENS,1995,
5,LUCY,Mid-Atlantic,WOMENS,1995,
5,PHILLY PEPPERS,Mid-Atlantic,WOMENS,1995,
7,MISCHIEF,Mid-Atlantic,WOMENS,1995,
7,FLYGIRLS,Southwest,WOMENS,1995,
9,PHAT CITY,Northwest,WOMENS,1995,
9,HUCKSTERS,South,WOMENS,1995,
11,JANE AIR,Central,WOMENS,1995,
11,WACK,Northeast,WOMENS,1995,
1,DEATH OR GLORY,Northeast,MENS,1996,
2,SOCKEYE,Northwest,MENS,1996,
3,Z,Central,MENS,1996,
3,NICE GUYS,Southwest,MENS,1996,
5,REFUGEES,South,MENS,1996,
5,CHAIN LIGHTNING,South,MENS,1996,
7,RAGE,Mid-Atlantic,MENS,1996,
7,SNAPPLE,Northeast,MENS,1996,
9,BOULDER BEER,Southwest,MENS,1996,
9,SAUCY JACK,Northwest,MENS,1996,
11,RANDALL'S ISLAND,Northeast,MENS,1996,
11,HUCKIN' FOOSIERS,Central,MENS,1996,
13,PORT CITY SLICKERS,Mid-Atlantic,MENS,1996,
13,BIG ASS TRUCK ,Central,MENS,1996,
1,LADY GODIVA,Northeast,WOMENS,1996,
2,OZONE,South,WOMENS,1996,
3,PHILLY PEPPERS,Mid-Atlantic,WOMENS,1996,
4,NEMESIS II,Central,WOMENS,1996,
5,DA FENCE,Northwest,WOMENS,1996,
5,RARE AIR,Southwest,WOMENS,1996,
7,SCHWA,Northwest,WOMENS,1996,
7,SAFARI,Southwest,WOMENS,1996,
9,TWISTER,Northeast,WOMENS,1996,
9,HOME BROOD,Northwest,WOMENS,1996,
11,JANE AIR,Central,WOMENS,1996,
11,WILD ROSES,Northeast,WOMENS,1996,
13,CATEGORY 5,Mid-Atlantic,WOMENS,1996,
13,HUCKSTERS,South,WOMENS,1996,
1,DEATH OR GLORY,Northeast,MENS,1997,
2,SOCKEYE,Northwest,MENS,1997,
3,Z,Central,MENS,1997,
3,RING OF FIRE,Mid-Atlantic,MENS,1997,
5,WUDI,Northeast,MENS,1997,
5,DOUBLE HAPPINESS,Northwest,MENS,1997,
7,ANODYNE,Mid-Atlantic,MENS,1997,
7,CONDORS,Southwest,MENS,1997,
9,PUMP HOUSE 5,Central,MENS,1997,
9,ROQ,Northeast,MENS,1997,
11,CHAIN LIGHTNING,South,MENS,1997,
11,JOHNNY BRAVO,Southwest,MENS,1997,
13,BIG ASS TRUCK,Central,MENS,1997,
13,HOUNDZ,South,MENS,1997,
1,LADY GODIVA,Northeast,WOMENS,1997,
2,SCHWA,Northwest,WOMENS,1997,
3,NEMESIS II,Central,WOMENS,1997,
3,WOMEN ON THE VERGE,Northwest,WOMENS,1997,
5,PHILLY PEPPERS,Mid-Atlantic,WOMENS,1997,
5,OZONE,South,WOMENS,1997,
7,SAFARI,Southwest,WOMENS,1997,
7,RARE AIR,Southwest,WOMENS,1997,
9,VIXEN,Mid-Atlantic,WOMENS,1997,
9,AMBUSH,Northeast,WOMENS,1997,
11,HOME BROOD,Northwest,WOMENS,1997,
11,HUCKSTERS,South,WOMENS,1997,
13,CLUTCH,Central,WOMENS,1997,
13,STELLA,Northeast,WOMENS,1997,
1,RED FISH BLUE FISH,Northwest,MIXED,1998,
2,PIRA HAKU,Southwest,MIXED,1998,
3,BLIND DATE,Mid-Atlantic,MIXED,1998,
3,RIPPIT,Northwest,MIXED,1998,
5,FLYING COB,Central,MIXED,1998,
5,MON AMI BURUNDI,Northeast,MIXED,1998,
5,W.U.P.A.S.S.,Northeast,MIXED,1998,
5,BAD LARRY,Southwest,MIXED,1998,
9,<XU>,Mid-Atlantic,MIXED,1998,
10,DISCLICIOUS,South,MIXED,1998,
11,ULTIMATE ADDICTION,South,MIXED,1998,
12,BETTER LIVING THRU CHEMISTRY,Central,MIXED,1998,
1,DEATH OR GLORY,Northeast,MENS,1998,
2,CONDORS,Southwest,MENS,1998,
3,RING OF FIRE,Mid-Atlantic,MENS,1998,
3,WSL,Northeast,MENS,1998,
5,FURIOUS GEORGE,Northwest,MENS,1998,
5,HOUNDZ,South,MENS,1998,
7,SUB ZERO,Central,MENS,1998,
7,PARKING LOT JAM,Northwest,MENS,1998,
9,Z,Central,MENS,1998,
9,MIAMI REFUGEES,South,MENS,1998,
11,RAGE,Mid-Atlantic,MENS,1998,
11,LOS GUAPOS,Southwest,MENS,1998,
13,PUMP HOUSE 5,Central,MENS,1998,
13,RED TIDE,Northeast,MENS,1998,
1,LADY GODIVA,Northeast,WOMENS,1998,
2,WOMEN ON THE VERGE,Northwest,WOMENS,1998,
3,HOME BROOD,Northwest,WOMENS,1998,
3,OZONE,South,WOMENS,1998,
5,NEMESIS,Central,WOMENS,1998,
5,CATCHIT,Mid-Atlantic,WOMENS,1998,
7,PHILLY PEPPERS,Mid-Atlantic,WOMENS,1998,
7,RARE AIR,Southwest,WOMENS,1998,
9,TWISTER,Northeast,WOMENS,1998,
9,LADY CONDORS,Southwest,WOMENS,1998,
11,BACKHOE,Mid-Atlantic,WOMENS,1998,
11,HUCKSTERS,South,WOMENS,1998,
13,JOHNNY COCKTAIL,Central,WOMENS,1998,
13,AMBUSH,Northeast,WOMENS,1998,
1,RALEIGH LLAMA,Mid-Atlantic,MIXED,1999,
2,RED FISH BLUE FISH,Northwest,MIXED,1999,
3,BLIND DATE,Mid-Atlantic,MIXED,1999,
3,TRIGGER HAPPY,Northwest,MIXED,1999,
5,SEVEN,Southwest,MIXED,1999,
6,CRUNCH,South,MIXED,1999,
7,SWEETWATER 420,South,MIXED,1999,
8,MON AMI BURUNDI,Northeast,MIXED,1999,
9,EMO,Northeast,MIXED,1999,
10,RESOUNDING FUNK,Central,MIXED,1999,
11,RYNO'S REVOLUTION,Southwest,MIXED,1999,
12,GOGOS,Central,MIXED,1999,
1,DEATH OR GLORY,Northeast,MENS,1999,
2,CONDORS,Southwest,MENS,1999,
3,SUB ZERO,Central,MENS,1999,
3,FURIOUS GEORGE,Northwest,MENS,1999,
5,RING OF FIRE,Mid-Atlantic,MENS,1999,
5,JAM,Northwest,MENS,1999,
5,BLAZE OF GLORY,Northwest,MENS,1999,
5,HOUNDZ,South,MENS,1999,
9,MADISON,Central,MENS,1999,
10,ANODYNE,Mid-Atlantic,MENS,1999,
11,WSL,Northeast,MENS,1999,
12,FLORIDA,South,MENS,1999,
13,SECRET SQUIRREL,Southwest,MENS,1999,
14,BOOTY QUAKE,South,MENS,1999,
15,SECOND WIND,Central,MENS,1999,
16,RED TIDE,Northeast,MENS,1999,
1,FURY,Northwest,WOMENS,1999,
2,SCHWA,Northwest,WOMENS,1999,
3,LADY GODIVA,Northeast,WOMENS,1999,
3,WOMEN ON THE VERGE,Northwest,WOMENS,1999,
5,PHILLY PEPPERS,Mid-Atlantic,WOMENS,1999,
6,RARE AIR,Southwest,WOMENS,1999,
7,NEMESIS,Central,WOMENS,1999,
7,OZONE,South,WOMENS,1999,
9,SAFARI,Southwest,WOMENS,1999,
10,BACKHOE,Mid-Atlantic,WOMENS,1999,
11,CATCHIT,Mid-Atlantic,WOMENS,1999,
12,LADY CONDORS,Southwest,WOMENS,1999,
13,CLUTCH,Central,WOMENS,1999,
14,E.H.?!?,Northeast,WOMENS,1999,
15,TWISTER,Northeast,WOMENS,1999,
16,DIVA,South,WOMENS,1999,
1,SPEAR,Mid-Atlantic,MIXED,2000,4.0
2,TRIGGER HAPPY,Northwest,MIXED,2000,4.0
3,PERPETRATOR,Mid-Atlantic,MIXED,2000,2.93
3,FREE SPIRITS OF THE GAME,Northeast,MIXED,2000,4.13
5,RED FISH BLUE FISH,Northwest,MIXED,2000,3.0
5,KIBOSH,Northwest,MIXED,2000,2.29
5,HOLES & POLES,South,MIXED,2000,4.29
5,PAYASOS CON PISTOLAS,South,MIXED,2000,3.57
9,NYCE,Northeast,MIXED,2000,4.32
9,CRUNCH,South,MIXED,2000,4.57
11,COCOA,Central,MIXED,2000,4.04
11,RIPPIT,Northwest,MIXED,2000,4.63
13,HIS N HERS,Mid-Atlantic,MIXED,2000,3.37
13,SALSA,Southwest,MIXED,2000,3.71
15,TATOO HOTTIE,Northeast,MIXED,2000,3.14
15,TNT,South,MIXED,2000,3.83
17,LUCKY 7,Central,MIXED,2000,3.69
18,IOWAS MOST WANTED,Central,MIXED,2000,4.29
19,FLIEGENPLATTE,Central,MIXED,2000,4.14
20,PIGS IN SPACE,Northwest,MIXED,2000,4.86
21,BAD LARRY,Southwest,MIXED,2000,4.25
22,DONKEY BOMB,Mid-Atlantic,MIXED,2000,3.71
23,RED DYE 5,Southwest,MIXED,2000,3.0
24,RALPH,Central,MIXED,2000,3.0
1,TRIGGER HIPPY,Northwest,MIXED,2001,4.0
2,BRU,Mid-Atlantic,MIXED,2001,3.43
3,RED FISH BLUE FISH,Northwest,MIXED,2001,4.0
3,HIGH PLAINS DRIFTERS,Southwest,MIXED,2001,4.14
5,OTIS,Southwest,MIXED,2001,3.63
6,HOLES & POLES,South,MIXED,2001,4.57
7,HANG TIME,South,MIXED,2001,3.11
8,GRIFFINS,Mid-Atlantic,MIXED,2001,3.63
9,DONNER PARTY,Northwest,MIXED,2001,3.7
10,BST,Northwest,MIXED,2001,4.5
11,MAYHEM,Northeast,MIXED,2001,3.6
12,TATOO HOTTIE,Northeast,MIXED,2001,3.57
13,GRIDLOCK,South,MIXED,2001,4.2
14,CHAOS,Central,MIXED,2001,3.67
15,HOT ACTION,Central,MIXED,2001,4.0
16,FLIEGENPLATTE,Central,MIXED,2001,4.5
1,CONDORS,Southwest,MENS,2001,3.14
2,JAM,Northwest,MENS,2001,4.57
3,DEATH OR GLORY,Northeast,MENS,2001,3.86
3,FURIOUS GEORGE,Northwest,MENS,2001,3.31
5,SUB ZERO,Central,MENS,2001,4.17
6,JOHNNY BRAVO,Southwest,MENS,2001,4.2
7,ELECTRIC PIG,Mid-Atlantic,MENS,2001,4.13
8,NEW YORK,Northeast,MENS,2001,3.8
9,SOCKEYE,Northwest,MENS,2001,4.0
10,BONZI,Northwest,MENS,2001,3.56
11,MADISON,Central,MENS,2001,4.13
12,WARRIORS,Mid-Atlantic,MENS,2001,4.83
13,RING OF FIRE,Mid-Atlantic,MENS,2001,4.57
14,FLORIDA,South,MENS,2001,4.0
15,BIG ASS TRUCK,Central,MENS,2001,4.29
16,DOUBLEWIDE,South,MENS,2001,4.71
1,LADY GODIVA,Northeast,WOMENS,2001,4.14
2,RIOT,Northwest,WOMENS,2001,3.54
3,FURY,Northwest,WOMENS,2001,4.0
4,OZONE,South,WOMENS,2001,4.43
5,SAFARI,Southwest,WOMENS,2001,3.56
6,BACKHOE,Mid-Atlantic,WOMENS,2001,3.29
7,SCHWA,Northwest,WOMENS,2001,2.63
8,LADY CONDORS,Southwest,WOMENS,2001,4.0
9,FUSE,Northeast,WOMENS,2001,3.68
10,AMBUSH,Northeast,WOMENS,2001,3.14
11,PRIME,Northwest,WOMENS,2001,4.63
12,NEMESIS II,Central,WOMENS,2001,4.06
13,BUTTERCUP,South,WOMENS,2001,3.8
14,BAIT,Central,WOMENS,2001,3.2
15,CLUTCH,Central,WOMENS,2001,3.8
16,WAHINE,Mid-Atlantic,WOMENS,2001,4.0
1,DONNER PARTY,Northwest,MIXED,2002,3.57
2,HANG TIME,South,MIXED,2002,3.07
3,SPEAR,Mid-Atlantic,MIXED,2002,3.33
3,SHAZAM,South,MIXED,2002,4.0
5,HIGH PLAINS DRIFTERS,Northwest,MIXED,2002,4.0
6,HOLES & POLES,Central,MIXED,2002,4.33
7,BRU,Southwest,MIXED,2002,3.17
8,SMELTS,Mid-Atlantic,MIXED,2002,4.5
9,BAD LARRY,Northeast,MIXED,2002,2.83
9,B+,Central,MIXED,2002,3.94
11,CLEAR THE ROOM,Southwest,MIXED,2002,3.67
12,BLAH RELOADED,Northeast,MIXED,2002,4.0
13,HOT ACTION,Central,MIXED,2002,4.5
14,THREE MARTINI LUNCH,Northwest,MIXED,2002,4.2
15,DRIVE THRU LIQUOR,South,MIXED,2002,3.8
16,UNCIVIL UNION,Mid-Atlantic,MIXED,2002,3.6
1,FURIOUS GEORGE,Northwest,MENS,2002,2.83
2,RING OF FIRE,Mid-Atlantic,MENS,2002,3.17
3,DEATH OR GLORY,Northeast,MENS,2002,4.17
3,SOCKEYE,Northwest,MENS,2002,3.25
5,CONDORS,Southwest,MENS,2002,3.0
5,JOHNNY BRAVO,Southwest,MENS,2002,3.75
7,CHAIN LIGHTNING,South,MENS,2002,4.4
7,SUB ZERO,Central,MENS,2002,4.0
9,BOSS HOGG,Northeast,MENS,2002,3.86
10,PIKE,Mid-Atlantic,MENS,2002,3.71
11,VICIOUS CYCLE,South,MENS,2002,2.43
12,MACHINE,Central,MENS,2002,4.19
13,NEW YORK,Northeast,MENS,2002,4.21
14,PBR STREETGANG,Southwest,MENS,2002,4.0
15,ELECTRIC PIG,Mid-Atlantic,MENS,2002,3.93
16,MADISON,Central,MENS,2002,4.67
1,LADY GODIVA,Northeast,WOMENS,2002,3.4
2,FURY,Northwest,WOMENS,2002,3.0
3,OZONE,South,WOMENS,2002,4.33
3,RIOT,Northwest,WOMENS,2002,4.2
5,LADY CONDORS,Southwest,WOMENS,2002,3.39
6,NEMESIS,Central,WOMENS,2002,3.69
7,SCHWA,Northwest,WOMENS,2002,4.0
8,RARE AIR,Southwest,WOMENS,2002,4.0
9,FUSE,Northeast,WOMENS,2002,3.36
10,BACKHOE,Mid-Atlantic,WOMENS,2002,3.33
11,SAFARI,Southwest,WOMENS,2002,3.33
12,BNOGO,Mid-Atlantic,WOMENS,2002,4.17
13,POUNCE,Mid-Atlantic,WOMENS,2002,4.43
14,BAIT,Central,WOMENS,2002,4.29
15,CLUTCH,Central,WOMENS,2002,4.17
16,BUTTERCUP,South,WOMENS,2002,4.0
1,DONNER PARTY,Northwest,MIXED,2003,4.14
2,HANG TIME,South,MIXED,2003,4.57
3,B+,Mid-Atlantic,MIXED,2003,4.13
3,HOLES AND POLES,South,MIXED,2003,4.64
5,RED FISH BLUE FISH,Northwest,MIXED,2003,4.38
6,BLAH,Central,MIXED,2003,4.39
7,DRIVE THRU LIQUOR,Southwest,MIXED,2003,4.25
8,FLICKS OF FURY,Mid-Atlantic,MIXED,2003,2.88
9,CHINSTRAP,Northeast,MIXED,2003,4.14
9,PHOB,Central,MIXED,2003,4.0
11,BAD LARRY,Southwest,MIXED,2003,3.84
12,HALIBUT,Northeast,MIXED,2003,2.88
13,KAZE,Central,MIXED,2003,4.71
14,PERSUADER,Northwest,MIXED,2003,4.07
15,RIVAL,South,MIXED,2003,4.0
16,BRU,Mid-Atlantic,MIXED,2003,4.0
1,FURIOUS GEORGE,Northwest,MENS,2003,4.33
2,CONDORS,Southwest,MENS,2003,3.0
3,JAM,Northwest,MENS,2003,3.79
3,RING OF FIRE,Mid-Atlantic,MENS,2003,3.83
5,DEATH OR GLORY,Northeast,MENS,2003,4.17
5,SOCKEYE,Northwest,MENS,2003,4.31
7,DOUBLEWIDE,South,MENS,2003,4.67
7,JOHNNY BRAVO,Southwest,MENS,2003,4.14
9,G-UNIT,Central,MENS,2003,4.0
10,CHAIN LIGHTNING,South,MENS,2003,4.0
11,BOSS HOGG,Northeast,MENS,2003,4.38
12,VICIOUS CYCLE,South,MENS,2003,4.13
13,BIG ASS TRUCK,Central,MENS,2003,4.29
14,PIKE,Mid-Atlantic,MENS,2003,4.57
15,ELECTRIC PIG,Mid-Atlantic,MENS,2003,4.0
16,SUB ZERO,Central,MENS,2003,4.14
1,FURY,Northwest,WOMENS,2003,4.14
2,RIOT,Northwest,WOMENS,2003,4.14
3,LADY GODIVA,Northeast,WOMENS,2003,3.43
3,PRIME,Northwest,WOMENS,2003,3.32
5,ALIAS,Mid-Atlantic,WOMENS,2003,3.5
5,OZONE,South,WOMENS,2003,4.43
7,NEMESIS,Central,WOMENS,2003,3.88
7,SCHWA,Northwest,WOMENS,2003,3.86
9,SAFARI,Southwest,WOMENS,2003,4.29
10,RARE AIR,Southwest,WOMENS,2003,3.88
11,STELLA,Northeast,WOMENS,2003,4.21
12,CLUTCH,Central,WOMENS,2003,4.63
13,BRUTE SQUAD,Northeast,WOMENS,2003,3.67
14,STRIKE,South,WOMENS,2003,4.17
15,BAIT,Central,WOMENS,2003,4.33
16,POUNCE,Mid-Atlantic,WOMENS,2003,3.71
1,SHAZAM,Northwest,MIXED,2004,4.33
2,CHAD LARSON EXPERIENCE,Central,MIXED,2004,3.83
3,BRASS MONKEY,Northwest,MIXED,2004,4.33
3,6 TRAINED MONKEYS,Northeast,MIXED,2004,4.33
5,BAD LARRY,Southwest,MIXED,2004,4.25
5,HOLES AND POLES,South,MIXED,2004,3.0
7,DRIVE THRU LIQUOR,Southwest,MIXED,2004,3.86
8,B+,Mid-Atlantic,MIXED,2004,4.0
9,RED FISH BLUE FISH,Northwest,MIXED,2004,4.14
10,PUPPET REGIME,Northeast,MIXED,2004,3.83
11,ANNAPOLIS ALL-STARS,Mid-Atlantic,MIXED,2004,3.33
12,SOUL PATROL,South,MIXED,2004,3.86
13,UNCIVIL UNION,Northeast,MIXED,2004,4.43
14,HOT ACTION,Central,MIXED,2004,4.33
15,UNIVERSE,Central,MIXED,2004,4.43
16,DUFF,Southwest,MIXED,2004,4.5
1,SOCKEYE,Northwest,MENS,2004,4.0
2,JAM,Northwest,MENS,2004,4.29
3,FURIOUS GEORGE,Northwest,MENS,2004,3.86
3,PIKE,Mid-Atlantic,MENS,2004,4.14
5,DEATH OR GLORY,Northeast,MENS,2004,4.13
6,JOHNNY BRAVO,Southwest,MENS,2004,4.0
7,CONDORS,Southwest,MENS,2004,3.5
7,RING OF FIRE,Mid-Atlantic,MENS,2004,4.17
9,BIG ASS TRUCK,Central,MENS,2004,4.57
10,DOUBLEWIDE,South,MENS,2004,4.25
11,KAOS,Northwest,MENS,2004,3.43
12,CHAIN LIGHTNING,South,MENS,2004,4.63
13,SUB ZERO,Central,MENS,2004,4.43
14,ELECTRIC PIG,Mid-Atlantic,MENS,2004,3.71
15,GOAT,Northeast,MENS,2004,3.86
16,MACHINE,Central,MENS,2004,4.43
1,RIOT,Northwest,WOMENS,2004,4.17
2,PRIME,Northwest,WOMENS,2004,3.71
3,BACKHOE,Mid-Atlantic,WOMENS,2004,3.33
3,LADY GODIVA,Northeast,WOMENS,2004,4.29
5,SCHWA,Northwest,WOMENS,2004,3.78
6,RARE AIR,Southwest,WOMENS,2004,4.67
7,FURY,Northwest,WOMENS,2004,3.86
7,OZONE,South,WOMENS,2004,4.29
9,BRUTE SQUAD,Northeast,WOMENS,2004,4.0
10,SAFARI,Southwest,WOMENS,2004,3.14
11,BNOGO,Mid-Atlantic,WOMENS,2004,3.75
12,ZANZARA,South,WOMENS,2004,4.57
13,NEMESIS,Central,WOMENS,2004,3.57
14,CLUTCH,Central,WOMENS,2004,4.71
15,ELECTRIC MAYHEM,Mid-Atlantic,WOMENS,2004,4.29
16,COLLIDE,Central,WOMENS,2004,3.86
1,BRASS MONKEY,Northwest,MIXED,2005,4.66
2,ROR$HACK,Northwest,MIXED,2005,3.83
3,BAD LARRY,Southwest,MIXED,2005,3.28
3,CHAD LARSON EXPERIENCE,Central,MIXED,2005,4.42
5,6 TRAINED MONKEYS,Northeast,MIXED,2005,4.5
6,SLOW WHITE,Northeast,MIXED,2005,4.5
7,HANG TIME,South,MIXED,2005,4.13
8,OLIO,Mid-Atlantic,MIXED,2005,4.38
9,SHAZAM,Northwest,MIXED,2005,3.88
10,METHOD,Central,MIXED,2005,4.42
11,HOT AND SWEATY,South,MIXED,2005,3.85
12,DRIVE THRU LIQUOR,Southwest,MIXED,2005,4.42
13,MISCHIEF,Northwest,MIXED,2005,4.5
14,DONKEY BOMB,Mid-Atlantic,MIXED,2005,4.16
15,GORILLA FOOT,Mid-Atlantic,MIXED,2005,5.0
16,WOODCHUCK SOCIETY,Central,MIXED,2005,4.57
1,FURIOUS GEORGE,Northwest,MENS,2005,3.85
2,SOCKEYE,Northwest,MENS,2005,3.25
3,JAM,Northwest,MENS,2005,4.85
3,DEATH OR GLORY,Northeast,MENS,2005,3.5
5,JOHNNY BRAVO,Southwest,MENS,2005,4.0
6,SUB ZERO,Central,MENS,2005,4.4
7,PIKE,Mid-Atlantic,MENS,2005,4.5
8,DOUBLEWIDE,South,MENS,2005,4.0
9,CONDORS,Southwest,MENS,2005,3.5
10,POTOMAC,Mid-Atlantic,MENS,2005,4.28
11,METAL,Northeast,MENS,2005,4.57
12,BIG ASS TRUCK,Central,MENS,2005,3.66
13,RING OF FIRE,Mid-Atlantic,MENS,2005,3.57
14,CHAIN LIGHTNING,South,MENS,2005,4.16
15,VICIOUS CYCLE,South,MENS,2005,4.16
16,PBR STREETGANG,Southwest,MENS,2005,4.71
1,RIOT,Northwest,WOMENS,2005,4.0
2,BACKHOE,Mid-Atlantic,WOMENS,2005,3.0
3,FURY,Northwest,WOMENS,2005,3.85
3,OZONE,South,WOMENS,2005,3.85
5,LADY GODIVA,Northeast,WOMENS,2005,4.2
6,CAPITALS,Northeast,WOMENS,2005,3.4
7,RARE AIR,Southwest,WOMENS,2005,3.5
8,BRUTE SQUAD,Northeast,WOMENS,2005,3.88
9,SAFARI,Southwest,WOMENS,2005,4.75
10,BOX LUNCH,Southwest,WOMENS,2005,4.14
11,SCHWA,Northwest,WOMENS,2005,4.25
12,BNOGO,Mid-Atlantic,WOMENS,2005,4.13
13,HOMEBROOD,Northwest,WOMENS,2005,3.5
14,MOJO,Central,WOMENS,2005,4.0
15,BAIT,Central,WOMENS,2005,4.56
16,ZANZARA,South,WOMENS,2005,4.75
1,MISCHIEF,Northwest,MIXED,2006,4.0
2,SLOW WHITE,Northeast,MIXED,2006,4.0
3,BRASS MONKEY,Northwest,MIXED,2006,4.71
3,GENDORS,Southwest,MIXED,2006,4.43
5,AMP,Mid-Atlantic,MIXED,2006,4.67
6,DELIVERANCE,South,MIXED,2006,4.5
7,HORSE$HOW,Northwest,MIXED,2006,4.0
7,TANDEM,Northeast,MIXED,2006,3.38
9,FLAMING MOE,Central,MIXED,2006,4.71
10,PUPPET REGIME,Northeast,MIXED,2006,3.29
11,FLYCOONS,Northwest,MIXED,2006,4.13
12,MR. BRIEFCASE,Central,MIXED,2006,4.13
13,¡THE SALSA POLICE!,Central,MIXED,2006,4.86
14,RIVAL,South,MIXED,2006,4.29
15,BAD LARRY,Southwest,MIXED,2006,4.57
16,HOORAY,Mid-Atlantic,MIXED,2006,3.57
1,SOCKEYE,Northwest,MENS,2006,4.5
2,FURIOUS GEORGE,Northwest,MENS,2006,2.57
3,CHAIN LIGHTNING,South,MENS,2006,4.33
3,JOHNNY BRAVO,Southwest,MENS,2006,3.83
5,REVOLVER,Northwest,MENS,2006,3.67
6,RHINO,Northwest,MENS,2006,3.83
7,DEATH OR GLORY,Northeast,MENS,2006,3.33
7,RING OF FIRE,Mid-Atlantic,MENS,2006,3.71
9,METAL,Northeast,MENS,2006,4.38
10,SUB ZERO,Central,MENS,2006,4.43
11,CONDORS,Southwest,MENS,2006,3.43
12,MACHINE,Central,MENS,2006,4.5
13,VICIOUS CYCLE,South,MENS,2006,3.43
14,TRUCK STOP,Mid-Atlantic,MENS,2006,3.57
15,BAT,Central,MENS,2006,4.29
16,MONSTER,Southwest,MENS,2006,5.0
1,FURY,Northwest,WOMENS,2006,4.43
2,RIOT,Northwest,WOMENS,2006,4.57
3,BRUTE SQUAD,Northeast,WOMENS,2006,4.29
3,RARE AIR,Southwest,WOMENS,2006,3.57
5,BACKHOE,Mid-Atlantic,WOMENS,2006,3.75
6,SAFARI,Southwest,WOMENS,2006,4.13
7,CAPITALS,Northeast,WOMENS,2006,3.56
8,OZONE,South,WOMENS,2006,4.44
9,WICKED,Mid-Atlantic,WOMENS,2006,3.57
10,NEMESIS,Central,WOMENS,2006,3.29
11,LADY GODIVA,Northeast,WOMENS,2006,3.63
12,SHOWDOWN,South,WOMENS,2006,4.38
13,MOJO,Central,WOMENS,2006,4.29
14,LAYUMA,South,WOMENS,2006,4.57
15,BNOGO,Mid-Atlantic,WOMENS,2006,4.14
16,BOX LUNCH,Southwest,WOMENS,2006,4.0
1,SHAZAM RETURNS,Northwest,MIXED,2007,4.1
2,SLOW WHITE,Northeast,MIXED,2007,4.2
3,AMP,Mid-Atlantic,MIXED,2007,3.4
3,BRASS MONKEY,Northwest,MIXED,2007,4.7
5,MISCHIEF,Northwest,MIXED,2007,4.1
6,BARRIO,Southwest,MIXED,2007,4.1
7,RIVAL,South,MIXED,2007,4.1
8,TANDEM,Northeast,MIXED,2007,3.1
9,MENTAL TOSS FLYCOONS,Northwest,MIXED,2007,4.8
10,POODLE CLUB,Central,MIXED,2007,4.1
11,BASHING PINATAS,Northeast,MIXED,2007,4.9
12,ICE,Central,MIXED,2007,4.4
13,AXIS OF C'VILLE,Mid-Atlantic,MIXED,2007,4.4
14,CHEWBACCA DEFENSE,South,MIXED,2007,4.3
15,BLACK MOLLY,Mid-Atlantic,MIXED,2007,4.3
16,BAD LARRY,Southwest,MIXED,2007,4.7
1,SOCKEYE,Northwest,MENS,2007,4.0
2,JOHNNY BRAVO,Southwest,MENS,2007,4.7
3,GOAT,Northeast,MENS,2007,4.4
3,JAM,Northwest,MENS,2007,4.1
5,BOSTON ULTIMATE,Northeast,MENS,2007,4.4
5,TRUCK STOP,Mid-Atlantic,MENS,2007,4.6
7,CHAIN LIGHTNING,South,MENS,2007,4.1
7,SUB ZERO,Central,MENS,2007,3.7
9,FURIOUS GEORGE,Northwest,MENS,2007,3.9
10,CONDORS,Southwest,MENS,2007,4.5
11,RING OF FIRE,Mid-Atlantic,MENS,2007,4.5
12,MACHINE,Central,MENS,2007,4.7
13,RHINO,Northwest,MENS,2007,4.3
14,DOUBLEWIDE,South,MENS,2007,4.1
15,PIKE,Mid-Atlantic,MENS,2007,4.7
16,THE VAN BUREN BOYS,Central,MENS,2007,4.9
1,FURY,Northwest,WOMENS,2007,4.2
2,RIOT,Northwest,WOMENS,2007,4.4
3,BRUTE SQUAD,Northeast,WOMENS,2007,3.4
3,LADY GODIVA,Northeast,WOMENS,2007,4.2
5,CAPITALS,Northeast,WOMENS,2007,3.2
6,BACKHOE,Mid-Atlantic,WOMENS,2007,3.1
7,OZONE,South,WOMENS,2007,4.3
8,ZEITGEIST,Northwest,WOMENS,2007,3.9
9,SAFARI,Southwest,WOMENS,2007,3.6
10,LAYUMA,South,WOMENS,2007,4.0
11,WICKED,Mid-Atlantic,WOMENS,2007,3.9
12,BOX,Southwest,WOMENS,2007,3.2
13,MOJO,Central,WOMENS,2007,3.9
14,LOOSE CANON,Mid-Atlantic,WOMENS,2007,3.0
15,SMALL RACKAGES,Central,WOMENS,2007,3.9
16,AMBUSH,Northeast,WOMENS,2007,4.6
1,MENTAL TOSS FLYCOONS,Northwest,MIXED,2008,4.43
2,SHAZAM REMAINS,Northwest,MIXED,2008,4.29
3,MISCHIEF,Northwest,MIXED,2008,4.0
3,ALPHA COBRA SQUADRON,Central,MIXED,2008,3.29
5,PUPPET REGIME,Northeast,MIXED,2008,3.71
5,SLOW WHITE,Northeast,MIXED,2008,4.14
7,AMP,Mid-Atlantic,MIXED,2008,3.5
7,BARRIO,Southwest,MIXED,2008,4.14
9,"HOORAY FOR COED, HOORAY",Mid-Atlantic,MIXED,2008,2.0
10,CHEWBACCA DEFENSE,South,MIXED,2008,4.0
11,GUILLERMO Y COMPANIA,South,MIXED,2008,4.43
12,D'OH!,Northwest,MIXED,2008,3.88
13,PEPPERMINT BON BON,Central,MIXED,2008,4.71
14,QUIET COYOTE,Northeast,MIXED,2008,4.71
15,COUGARS,Southwest,MIXED,2008,4.29
16,BUCKET,South,MIXED,2008,4.57
1,JAM,Northwest,MENS,2008,3.86
2,IRONSIDE,Northeast,MENS,2008,4.71
3,CHAIN LIGHTNING,South,MENS,2008,4.5
3,JOHNNY BRAVO,Southwest,MENS,2008,4.29
5,REVOLVER,Northwest,MENS,2008,4.0
6,GOAT,Northeast,MENS,2008,4.14
7,RING OF FIRE,Mid-Atlantic,MENS,2008,4.25
7,SOCKEYE,Northwest,MENS,2008,4.29
9,SUB ZERO,Central,MENS,2008,2.63
10,MACHINE,Central,MENS,2008,4.86
11,DOUBLEWIDE,South,MENS,2008,3.75
12,BODHI,Northeast,MENS,2008,4.29
13,CONDORS,Southwest,MENS,2008,3.86
14,PONY,Northeast,MENS,2008,4.29
15,TRUCK STOP,Mid-Atlantic,MENS,2008,4.57
16,EL DIABLO,South,MENS,2008,4.11
1,FURY,Northwest,WOMENS,2008,4.67
2,RIOT,Northwest,WOMENS,2008,3.67
3,OZONE,South,WOMENS,2008,4.2
3,TRAFFIC,Northwest,WOMENS,2008,3.5
5,BRUTE SQUAD,Northeast,WOMENS,2008,3.94
6,SHOWDOWN,South,WOMENS,2008,4.14
7,BACKHOE,Mid-Atlantic,WOMENS,2008,3.88
8,LADY GODIVA,Northeast,WOMENS,2008,4.07
9,CAPITALS,Northeast,WOMENS,2008,3.14
10,RARE AIR,Southwest,WOMENS,2008,3.71
11,POP,Central,WOMENS,2008,4.4
12,NEMESIS,Central,WOMENS,2008,4.4
13,LOOSE CANNON,Mid-Atlantic,WOMENS,2008,2.17
14,AMBUSH,Northeast,WOMENS,2008,4.2
15,BOX,Southwest,WOMENS,2008,4.2
16,LAYUMA,South,WOMENS,2008,4.17
1,AXIS OF C'VILLE,Mid-Atlantic,MIXED,2009,4.83
2,CHAD LARSON EXPERIENCE,Central,MIXED,2009,3.57
3,MENTAL TOSS FLYCOONS,Northwest,MIXED,2009,4.33
3,QUIET COYOTE,Northeast,MIXED,2009,4.43
5,AMP,Mid-Atlantic,MIXED,2009,3.25
6,BARRIO,Southwest,MIXED,2009,4.11
7,D'OH!,Northwest,MIXED,2009,3.89
8,BUCKET,South,MIXED,2009,3.13
9,JUKEBOX HERO,South,MIXED,2009,3.57
10,ONE TRICK PONY,Central,MIXED,2009,4.63
11,LA METRO,Southwest,MIXED,2009,3.71
12,SLOW WHITE,Northeast,MIXED,2009,4.75
13,BROWN CHICKEN BROWN COW,Southwest,MIXED,2009,4.64
14,PSYCHOPLASTIQUE,Northwest,MIXED,2009,3.07
15,TAU,Mid-Atlantic,MIXED,2009,3.43
16,BASHING PINATAS,Northeast,MIXED,2009,5.0
1,CHAIN LIGHTNING,South,MENS,2009,4.29
2,REVOLVER,Northwest,MENS,2009,4.57
3,IRONSIDE,Northeast,MENS,2009,4.43
3,SOCKEYE,Northwest,MENS,2009,4.57
5,DOUBLEWIDE,South,MENS,2009,4.0
6,RING OF FIRE,Mid-Atlantic,MENS,2009,3.43
7,JAM,Northwest,MENS,2009,3.75
8,JOHNNY BRAVO,Southwest,MENS,2009,4.5
9,TRUCK STOP,Mid-Atlantic,MENS,2009,4.38
10,MADISON CLUB,Central,MENS,2009,2.0
11,BOHDI,Northeast,MENS,2009,4.57
12,GOAT,Northeast,MENS,2009,3.63
13,MADCOW,Central,MENS,2009,3.71
14,MACHINE,Central,MENS,2009,3.57
15,STREETGANG,Southwest,MENS,2009,4.29
16,PIKE,Mid-Atlantic,MENS,2009,4.29
1,FURY,Northwest,WOMENS,2009,4.0
2,BRUTE SQUAD,Northeast,WOMENS,2009,3.67
3,CAPITALS,Northeast,WOMENS,2009,3.14
3,RIOT,Northwest,WOMENS,2009,4.14
5,SHOWDOWN,South,WOMENS,2009,4.0
6,ZEITGEIST,Northwest,WOMENS,2009,3.78
7,BACKHOE,Mid-Atlantic,WOMENS,2009,3.5
8,OZONE,South,WOMENS,2009,3.44
9,TRAFFIC,Northwest,WOMENS,2009,4.31
10,LADY CONDORS,Southwest,WOMENS,2009,3.5
11,SCANDAL,Mid-Atlantic,WOMENS,2009,4.0
12,SAFARI,Southwest,WOMENS,2009,3.79
13,NEMESIS,Central,WOMENS,2009,3.36
14,RARE AIR,Southwest,WOMENS,2009,3.5
15,POP,Central,WOMENS,2009,4.14
16,WILDCARD,Mid-Atlantic,WOMENS,2009,4.21
1,POLAR BEARS,Northwest,MIXED,2010,4.14
2,DISTRICT 5,Northeast,MIXED,2010,4.43
3,CHAD LARSON EXPERIENCE,Central,MIXED,2010,4.38
3,DRAG'N THRUST,Central,MIXED,2010,4.57
5,OVERHAUL,Central,MIXED,2010,4.38
6,BUCKET,South,MIXED,2010,3.57
7,MISCHIEF,Northwest,MIXED,2010,4.0
8,SLOW WHITE,Northeast,MIXED,2010,4.0
9,SNOWBIRDS,Northeast,MIXED,2010,4.71
10,LA METRO,Southwest,MIXED,2010,4.0
11,WHAGONWEEL,Mid-Atlantic,MIXED,2010,4.0
12,AMP,Mid-Atlantic,MIXED,2010,4.33
13,SCIENTIFIC METHOD,Central,MIXED,2010,4.29
14,BARRIO,Southwest,MIXED,2010,5.0
15,CONSPIRACY THEORY,South,MIXED,2010,4.17
16,DIRTY BIRDS,South,MIXED,2010,3.83
1,REVOLVER,Northwest,MENS,2010,4.57
2,IRONSIDE,Northeast,MENS,2010,4.71
3,DOUBLEWIDE,South,MENS,2010,4.29
3,SOCKEYE,Northwest,MENS,2010,4.29
5,CHAIN LIGHTNING,South,MENS,2010,4.29
5,TRUCK STOP,Mid-Atlantic,MENS,2010,4.0
7,RING OF FIRE,Mid-Atlantic,MENS,2010,4.0
7,SOUTHPAW,Mid-Atlantic,MENS,2010,4.0
9,JOHNNY BRAVO,Southwest,MENS,2010,4.29
10,PONY,Northeast,MENS,2010,4.25
11,MADISON CLUB,Central,MENS,2010,4.57
12,FURIOUS GEORGE,Northwest,MENS,2010,4.13
13,MACHINE,Central,MENS,2010,4.71
14,TANASI,South,MENS,2010,4.57
15,STREETGANG,Southwest,MENS,2010,4.43
16,MADCOW,Central,MENS,2010,4.43
1,FURY,Northwest,WOMENS,2010,4.86
2,CAPITALS,Northeast,WOMENS,2010,3.29
3,BRUTE SQUAD,Northeast,WOMENS,2010,4.14
3,RIOT,Northwest,WOMENS,2010,4.29
5,TRAFFIC,Northwest,WOMENS,2010,4.38
6,SCANDAL,Mid-Atlantic,WOMENS,2010,3.75
7,NEMESIS,Central,WOMENS,2010,4.11
8,PHOENIX,Mid-Atlantic,WOMENS,2010,3.78
9,MOLLY BROWN,Southwest,WOMENS,2010,4.13
10,BENT,Northeast,WOMENS,2010,3.57
11,SHOWDOWN,South,WOMENS,2010,4.63
12,OZONE,South,WOMENS,2010,4.57
13,POP,Central,WOMENS,2010,4.57
14,REVOLOUTION,South,WOMENS,2010,4.0
15,STORM,Northeast,WOMENS,2010,4.29
16,SAFARI,Southwest,WOMENS,2010,2.71
1,BLACKBIRD,Northwest,MIXED,2011,3.94
2,POLAR BEARS,Northwest,MIXED,2011,3.86
3,DISCTRICT 5,Northeast,MIXED,2011,4.14
3,WOLVERWINES,Northwest,MIXED,2011,2.86
5,SLOW WHITE,Northeast,MIXED,2011,4.29
6,THE GHOSTS,Northeast,MIXED,2011,4.0
7,CHAD LARSON EXPERIENCE,Central,MIXED,2011,3.88
8,AMP,Mid-Atlantic,MIXED,2011,3.22
9,DRAG'N THRUST,Central,MIXED,2011,4.14
10,7 FIGURES,Southwest,MIXED,2011,3.88
11,OVERHAUL,Central,MIXED,2011,3.86
12,BUCKET,South,MIXED,2011,3.5
13,JACKS AND JILLS,South,MIXED,2011,3.57
14,SABRE CORP,South,MIXED,2011,4.0
15,MESTENO,Southwest,MIXED,2011,4.29
16,TERMITE'S ENTOURAGE,Mid-Atlantic,MIXED,2011,3.43
1,REVOLVER,Northwest,MENS,2011,4.43
2,IRONSIDE,Northeast,MENS,2011,4.0
3,CHAIN LIGHTNING,South,MENS,2011,4.67
3,DOUBLEWIDE,South,MENS,2011,4.43
5,RING OF FIRE,Mid-Atlantic,MENS,2011,3.88
6,SOUTHPAW,Mid-Atlantic,MENS,2011,4.11
7,MADISON CLUB,Central,MENS,2011,4.44
8,GOAT,Northeast,MENS,2011,3.88
9,MACHINE,Central,MENS,2011,4.5
10,TRUCK STOP,Mid-Atlantic,MENS,2011,4.5
11,JOHNNY BRAVO,Southwest,MENS,2011,2.4
12,OAKLAND,Mid-Atlantic,MENS,2011,3.86
13,FURIOUS GEORGE,Northwest,MENS,2011,3.86
14,CONDORS,Southwest,MENS,2011,3.43
15,SUB ZERO,Central,MENS,2011,4.29
16,TANASI,South,MENS,2011,2.86
1,FURY,Northwest,WOMENS,2011,4.14
2,RIOT,Northwest,WOMENS,2011,3.57
3,CAPITALS,Northeast,WOMENS,2011,3.5
3,PHOENIX,Mid-Atlantic,WOMENS,2011,3.14
5,TRAFFIC,Northwest,WOMENS,2011,4.25
6,SHOWDOWN,South,WOMENS,2011,3.89
7,MOLLY BROWN,Southwest,WOMENS,2011,4.29
8,SCANDAL,Mid-Atlantic,WOMENS,2011,3.75
9,FURTHER,Northwest,WOMENS,2011,4.29
10,BRUTE SQUAD,Northeast,WOMENS,2011,3.5
11,OZONE,South,WOMENS,2011,4.29
12,REVOLOUTION,Central,WOMENS,2011,4.38
13,NEMESIS,Central,WOMENS,2011,3.0
14,SAFARI,Southwest,WOMENS,2011,4.29
15,DESOTO,South,WOMENS,2011,3.86
16,BENT,Northeast,WOMENS,2011,4.29
1,BLACKBIRD,Southwest,MIXED,2012,3.29
2,POLAR BEARS,Southwest,MIXED,2012,4.14
3,DRAG'N THRUST,North Central,MIXED,2012,3.57
3,MISCHIEF,Southwest,MIXED,2012,3.75
5,COSA NOSTRA,South Central,MIXED,2012,3.38
6,ODYSSEE,Northeast,MIXED,2012,3.86
7,CHAD LARSON EXPERIENCE,North Central,MIXED,2012,3.83
7,THE GHOSTS,Northeast,MIXED,2012,4.0
9,BUCKET,Southeast,MIXED,2012,3.83
10,SLOW WHITE,Northeast,MIXED,2012,3.88
11,AMERICAN BBQ,Southwest,MIXED,2012,4.25
12,7 FIGURES,Southwest,MIXED,2012,3.43
13,OVERHAUL,Great Lakes,MIXED,2012,3.43
14,AMP,Mid-Atlantic,MIXED,2012,3.86
15,WILD CARD,Northeast,MIXED,2012,4.29
16,MENTAL TOSS FLYCOONS,Northwest,MIXED,2012,4.5
1,DOUBLEWIDE,South Central,MENS,2012,3.83
2,REVOLVER,Southwest,MENS,2012,4.43
3,IRONSIDE,Northeast,MENS,2012,4.14
3,RING OF FIRE,Southeast,MENS,2012,4.43
5,MACHINE,Great Lakes,MENS,2012,4.75
6,GOAT,Northeast,MENS,2012,4.43
7,CHAIN LIGHTNING,Southeast,MENS,2012,4.71
7,SOCKEYE,Northwest,MENS,2012,4.33
9,MADISON CLUB,North Central,MENS,2012,4.29
10,RHINO,Northwest,MENS,2012,4.25
11,FURIOUS GEORGE,Northwest,MENS,2012,3.29
12,JOHNNY BRAVO,South Central,MENS,2012,3.88
13,SUB ZERO,North Central,MENS,2012,4.71
13,TRUCK STOP,Mid-Atlantic,MENS,2012,3.5
15,BOOST MOBILE,Southwest,MENS,2012,4.71
16,PONY,Northeast,MENS,2012,3.57
1,FURY,Southwest,WOMENS,2012,4.86
2,RIOT,Northwest,WOMENS,2012,4.14
3,SCANDAL,Mid-Atlantic,WOMENS,2012,3.71
3,SHOWDOWN,South Central,WOMENS,2012,4.0
5,MOLLY BROWN,South Central,WOMENS,2012,4.29
6,NEMESIS,Great Lakes,WOMENS,2012,3.38
7,CAPITALS,Northeast,WOMENS,2012,4.0
8,OZONE,Southeast,WOMENS,2012,3.29
9,TRAFFIC,Northwest,WOMENS,2012,3.5
10,NIGHTLOCK,Southwest,WOMENS,2012,3.86
11,HEIST,North Central,WOMENS,2012,4.29
12,BRUTE SQUAD,Northeast,WOMENS,2012,4.13
13,PHOENIX,Southeast,WOMENS,2012,4.0
14,HOT METAL,Mid-Atlantic,WOMENS,2012,4.29
15,UNDERGROUND,Northwest,WOMENS,2012,4.0
16,SCHWA,Northwest,WOMENS,2012,4.43
1,REVOLVER,Southwest,MENS,2013,5.0
2,SOCKEYE,Northwest,MENS,2013,4.43
3,IRONSIDE,Northeast,MENS,2013,4.29
4,JOHNNY BRAVO,South Central,MENS,2013,4.71
5,DOUBLEWIDE,South Central,MENS,2013,4.67
6,MACHINE,Great Lakes,MENS,2013,5.0
7,CHAIN LIGHTNING,Southeast,MENS,2013,4.67
7,GOAT,Northeast,MENS,2013,4.33
9,PONY,Northeast,MENS,2013,4.5
9,SUB ZERO,North Central,MENS,2013,4.33
11,RING OF FIRE,Southeast,MENS,2013,3.92
12,FLORIDA UNITED,Southeast,MENS,2013,4.5
13,CONDORS,Southwest,MENS,2013,4.33
14,FURIOUS GEORGE,Northwest,MENS,2013,4.67
15,TRUCK STOP,Mid-Atlantic,MENS,2013,4.0
16,MADCOW,Great Lakes,MENS,2013,4.17
1,DRAG'N THRUST,North Central,MIXED,2013,3.86
2,POLAR BEARS,Southwest,MIXED,2013,4.14
3,THE GHOSTS,Northeast,MIXED,2013,4.29
4,WILD CARD,Northeast,MIXED,2013,4.57
5,CHAD LARSON EXPERIENCE,North Central,MIXED,2013,4.5
6,AMP,Mid-Atlantic,MIXED,2013,4.0
7,ODYSSÉE,Northeast,MIXED,2013,3.67
7,SLOW WHITE,Northeast,MIXED,2013,3.67
9,COSA NOSTRA,South Central,MIXED,2013,4.0
9,MISCHIEF,Southwest,MIXED,2013,3.67
11,THE DOH ABIDES,Northwest,MIXED,2013,4.0
12,CAHOOTS,Southeast,MIXED,2013,4.17
13,7 FIGURES,Southwest,MIXED,2013,4.25
14,7EXPRESS,Northeast,MIXED,2013,4.0
15,AMBIGUOUS GREY,Mid-Atlantic,MIXED,2013,3.83
16,STEAMBOAT,Great Lakes,MIXED,2013,4.5
1,SCANDAL,Mid-Atlantic,WOMENS,2013,4.36
2,FURY,Southwest,WOMENS,2013,4.14
3,RIOT,Northwest,WOMENS,2013,4.43
4,SHOWDOWN,South Central,WOMENS,2013,4.14
5,NEMESIS,Great Lakes,WOMENS,2013,4.17
6,BRUTE SQUAD,Northeast,WOMENS,2013,4.0
7,CAPITALS,Northeast,WOMENS,2013,3.83
7,TRAFFIC,Northwest,WOMENS,2013,3.83
9,NIGHTLOCK,Southwest,WOMENS,2013,3.67
9,OZONE,Southeast,WOMENS,2013,3.0
11,MOLLY BROWN,South Central,WOMENS,2013,3.83
12,HEIST,North Central,WOMENS,2013,4.17
13,BENT,Northeast,WOMENS,2013,4.0
14,PHOENIX,Southeast,WOMENS,2013,4.33
15,SCHWA,Northwest,WOMENS,2013,4.33
16,NOVA,Northeast,WOMENS,2013,4.0
1,JOHNNY BRAVO,South Central,MENS,2014,14.0
2,IRONSIDE,Northeast,MENS,2014,13.29
3,GOAT,Northeast,MENS,2014,12.0
3,RING OF FIRE,Southeast,MENS,2014,12.67
5,REVOLVER,Southwest,MENS,2014,17.13
6,RHINO,Northwest,MENS,2014,16.14
7,TRUCK STOP,Mid-Atlantic,MENS,2014,14.86
7,CHAIN LIGHTNING,Southeast,MENS,2014,15.0
9,SOCKEYE,Northwest,MENS,2014,13.14
9,DOUBLEWIDE,South Central,MENS,2014,14.14
11,PONY,Northeast,MENS,2014,11.29
12,TEMPER,Mid-Atlantic,MENS,2014,16.64
13,FURIOUS GEORGE,Northwest,MENS,2014,14.29
14,MACHINE,North Central,MENS,2014,14.5
15,PRAIRIE FIRE,North Central,MENS,2014,15.86
16,SUB ZERO,North Central,MENS,2014,18.29
1,DRAG'N THRUST,North Central,MIXED,2014,15.14
2,SEATTLE MIXED,Northwest,MIXED,2014,14.0
3,CHAD LARSON EXPERIENCE,North Central,MIXED,2014,15.0
3,WILD CARD,Northeast,MIXED,2014,12.14
5,MISCHIEF,Southwest,MIXED,2014,13.71
6,BLACKBIRD,Southwest,MIXED,2014,12.14
7,BUCKET,Southeast,MIXED,2014,14.0
7,SANTA MARIA,Great Lakes,MIXED,2014,12.25
9,AMP,Mid-Atlantic,MIXED,2014,12.0
9,SLOW WHITE,Northeast,MIXED,2014,14.29
11,POLAR BEARS,Southwest,MIXED,2014,13.17
12,7 FIGURES,Southwest,MIXED,2014,10.83
13,AMERICAN BBQ,Southwest,MIXED,2014,10.5
14,THE ADMINISTRATORS,Northwest,MIXED,2014,15.0
15,COSA NOSTRA,South Central,MIXED,2014,11.14
16,D'OH! ABIDES,Northwest,MIXED,2014,12.14
1,SCANDAL,Mid-Atlantic,WOMENS,2014,12.71
2,FURY,Southwest,WOMENS,2014,13.43
3,BRUTE SQUAD,Northeast,WOMENS,2014,13.4
3,RIOT,Northwest,WOMENS,2014,14.17
5,OZONE,Southeast,WOMENS,2014,10.86
6,SHOWDOWN,South Central,WOMENS,2014,11.17
7,TRAFFIC,Northwest,WOMENS,2014,12.14
7,NIGHTLOCK,Southwest,WOMENS,2014,13.71
9,MOLLY BROWN,South Central,WOMENS,2014,13.71
9,SCHWA,Northwest,WOMENS,2014,14.07
11,HEIST,North Central,WOMENS,2014,14.71
12,UNDERGROUND,Northwest,WOMENS,2014,12.71
13,NEMESIS,Great Lakes,WOMENS,2014,11.71
14,CAPITALS,Northeast,WOMENS,2014,13.17
15,GREEN MEANS GO,Mid-Atlantic,WOMENS,2014,13.43
16,TABBY ROSA,Southeast,WOMENS,2014,15.29
1,REVOLVER,Southwest,MENS,2015,11.6
2,SOCKEYE,Northwest,MENS,2015,13.17
3,MACHINE,Great Lakes,MENS,2015,12.25
3,IRONSIDE,Northeast,MENS,2015,12.67
5,DOUBLEWIDE,South Central,MENS,2015,11.86
6,RING OF FIRE,Southeast,MENS,2015,10.14
7,TRUCK STOP,Mid-Atlantic,MENS,2015,13.29
7,PRAIRIE FIRE,North Central,MENS,2015,12.0
9,MADISON CLUB,North Central,MENS,2015,13.33
9,SUB ZERO,North Central,MENS,2015,15.57
11,PATROL,Mid-Atlantic,MENS,2015,11.29
12,GOAT,Northeast,MENS,2015,14.5
13,HIGH FIVE,Great Lakes,MENS,2015,9.83
14,JOHNNY BRAVO,South Central,MENS,2015,12.33
15,RHINO,Northwest,MENS,2015,14.0
15,FLORIDA UNITED,Southeast,MENS,2015,7.8
1,DRAG'N THRUST,North Central,MIXED,2015,10.67
2,MIXTAPE,Northwest,MIXED,2015,10.17
3,POLAR BEARS,Southwest,MIXED,2015,10.6
3,SLOW WHITE,Northeast,MIXED,2015,13.17
5,CHAD LARSON EXPERIENCE,North Central,MIXED,2015,14.43
6,AMBIGUOUS GREY,Mid-Atlantic,MIXED,2015,12.83
7,BLACKBIRD,Southwest,MIXED,2015,11.71
7,METRO NORTH,Northeast,MIXED,2015,12.43
9,WILD CARD,Northeast,MIXED,2015,13.14
9,UPA,Great Lakes,MIXED,2015,12.14
11,AMP,Mid-Atlantic,MIXED,2015,11.17
12,7 EXPRESS,Northeast,MIXED,2015,12.14
13,LOVE TRACTOR,South Central,MIXED,2015,15.57
14,BUCKET,Southeast,MIXED,2015,12.14
15,NOISE,North Central,MIXED,2015,14.43
16,BIRDFRUIT,Northwest,MIXED,2015,14.67
1,BRUTE SQUAD,Northeast,WOMENS,2015,11.0
2,RIOT,Northwest,WOMENS,2015,14.0
3,FURY,Southwest,WOMENS,2015,13.6
3,MOLLY BROWN,South Central,WOMENS,2015,11.33
5,TRAFFIC,Northwest,WOMENS,2015,12.0
6,SCANDAL,Mid-Atlantic,WOMENS,2015,11.64
7,NIGHTLOCK,Southwest,WOMENS,2015,10.43
7,PHOENIX,Southeast,WOMENS,2015,12.0
9,OZONE,Southeast,WOMENS,2015,10.71
9,HEIST,North Central,WOMENS,2015,11.0
11,SCHWA,Northwest,WOMENS,2015,11.67
12,IRIS,Northeast,WOMENS,2015,11.29
13,CAPITALS,Northeast,WOMENS,2015,10.43
14,BENT,Northeast,WOMENS,2015,7.43
15,SHOWDOWN,South Central,WOMENS,2015,8.14
16,NEMESIS,Great Lakes,WOMENS,2015,11.0
1,IRONSIDE,Northeast,MENS,2016,9.5
2,REVOLVER,Southwest,MENS,2016,12.4
3,JOHNNY BRAVO,South Central,MENS,2016,12.2
3,RING OF FIRE,Southeast,MENS,2016,10.33
5,SOCKEYE,Northwest,MENS,2016,13.17
5,TRUCK STOP,Mid-Atlantic,MENS,2016,12.8
7,HIGH FIVE,Great Lakes,MENS,2016,10.14
7,PATROL,Mid-Atlantic,MENS,2016,11.43
9,DOUBLEWIDE,South Central,MENS,2016,9.57
9,FURIOUS GEORGE,Northwest,MENS,2016,11.0
11,PRAIRIE FIRE,North Central,MENS,2016,11.29
12,H.I.P.,South Central,MENS,2016,9.0
13,MADISON CLUB,North Central,MENS,2016,13.0
14,MACHINE,Great Lakes,MENS,2016,11.33
15,DIG,Northeast,MENS,2016,9.5
15,PONY,Northeast,MENS,2016,12.8
1,SLOW WHITE,Northeast,MIXED,2016,10.4
2,METRO NORTH,Northeast,MIXED,2016,12.0
3,DRAG'N THRUST,North Central,MIXED,2016,11.4
3,MISCHIEF,Southwest,MIXED,2016,11.4
5,STEAMBOAT,Great Lakes,MIXED,2016,8.71
6,AMP,Mid-Atlantic,MIXED,2016,10.67
7,BLACKBIRD,Southwest,MIXED,2016,11.67
7,MIXTAPE,Northwest,MIXED,2016,11.71
9,AMBIGUOUS GREY,Mid-Atlantic,MIXED,2016,8.5
9,NOISE,North Central,MIXED,2016,13.17
11,PUBLIC ENEMY,South Central,MIXED,2016,13.33
12,NO TOUCHING!,North Central,MIXED,2016,11.43
13,ALLOY,Mid-Atlantic,MIXED,2016,12.2
14,LOVE TRACTOR,South Central,MIXED,2016,11.71
15,G-UNIT,Southeast,MIXED,2016,11.83
16,SHAME.,South Central,MIXED,2016,12.57
1,BRUTE SQUAD,Northeast,WOMENS,2016,11.0
2,RIOT,Northwest,WOMENS,2016,10.0
3,FURY,Southwest,WOMENS,2016,10.9
3,MOLLY BROWN,South Central,WOMENS,2016,10.8
5,SCANDAL,Mid-Atlantic,WOMENS,2016,11.14
6,TRAFFIC,Northwest,WOMENS,2016,8.83
7,HEIST,North Central,WOMENS,2016,11.5
7,OZONE,Southeast,WOMENS,2016,11.57
9,NIGHTLOCK,Southwest,WOMENS,2016,10.17
9,SHOWDOWN,South Central,WOMENS,2016,9.83
11,PHOENIX,Southeast,WOMENS,2016,9.0
12,RIVAL,Great Lakes,WOMENS,2016,11.71
13,IRIS,Northeast,WOMENS,2016,10.67
14,WILDFIRE,Southwest,WOMENS,2016,8.0
15,GREEN MEANS GO,Mid-Atlantic,WOMENS,2016,9.21
16,SCHWA,Northwest,WOMENS,2016,10.7
1,REVOLVER,Southwest,MENS,2017,11.2
2,DOUBLEWIDE,South Central,MENS,2017,10.33
3,RING OF FIRE,Southeast,MENS,2017,10.67
4,TRUCK STOP,Mid-Atlantic,MENS,2017,11.33
5,IRONSIDE,Northeast,MENS,2017,11.0
6,DIG,Northeast,MENS,2017,10.5
7,PONY,Northeast,MENS,2017,8.5
8,SUB ZERO,North Central,MENS,2017,10.25
9,FLORIDA UNITED,Southeast,MENS,2017,6.67
9,JOHNNY BRAVO,South Central,MENS,2017,14.86
11,MACHINE,Great Lakes,MENS,2017,12.17
12,SOCKEYE,Northwest,MENS,2017,10.5
13,HIGH FIVE,Great Lakes,MENS,2017,9.29
14,GOAT,Northeast,MENS,2017,12.43
15,CONDORS,Southwest,MENS,2017,11.14
16,PATROL,Mid-Atlantic,MENS,2017,11.71
1,MIXTAPE,Northwest,MIXED,2017,10.4
2,AMP,Mid-Atlantic,MIXED,2017,11.4
3,BFG,Northwest,MIXED,2017,11.17
4,SLOW WHITE,Northeast,MIXED,2017,9.6
5,WILD CARD,Northeast,MIXED,2017,9.71
6,PUBLIC ENEMY,South Central,MIXED,2017,10.86
7,DRAG'N THRUST,North Central,MIXED,2017,11.25
8,METRO NORTH,Northeast,MIXED,2017,13.0
9,NO TOUCHING!,North Central,MIXED,2017,10.14
9,SHAME,South Central,MIXED,2017,10.83
11,BLACKBIRD,Southwest,MIXED,2017,11.14
12,TORO,Southeast,MIXED,2017,10.43
13,MISCHIEF,Southwest,MIXED,2017,11.29
14,STEAMBOAT,Great Lakes,MIXED,2017,9.0
15,LOVE TRACTOR,South Central,MIXED,2017,11.86
16,NOISE,North Central,MIXED,2017,11.29
1,FURY,Southwest,WOMENS,2017,10.2
2,BRUTE SQUAD,Northeast,WOMENS,2017,10.2
3,MOLLY BROWN,South Central,WOMENS,2017,10.0
3,OZONE ,Southeast,WOMENS,2017,10.33
5,RIOT,Northwest,WOMENS,2017,10.33
6,TRAFFIC,Northwest,WOMENS,2017,10.71
7,SCANDAL,Mid-Atlantic,WOMENS,2017,9.63
8,NIGHTLOCK,Southwest,WOMENS,2017,10.29
9,6IXERS,Northeast,WOMENS,2017,9.57
9,RIVAL,Great Lakes,WOMENS,2017,10.33
11,UNDERGROUND,Northwest,WOMENS,2017,9.43
12,SCHWA,Northwest,WOMENS,2017,10.43
13,HEIST,North Central,WOMENS,2017,11.71
14,POP,North Central,WOMENS,2017,9.86
15,NEMESIS,Great Lakes,WOMENS,2017,10.14
16,SHOWDOWN,South Central,WOMENS,2017,9.5
1,PONY,Northeast,MENS,2018,8.6
2,REVOLVER,Southwest,MENS,2018,10.2
3,SOCKEYE,Northwest,MENS,2018,8.4
3,RING OF FIRE,Southeast,MENS,2018,9.8
5,TRUCK STOP,Mid-Atlantic,MENS,2018,11.0
6,DOUBLEWIDE,South Central,MENS,2018,8.57
7,SUB ZERO,North Central,MENS,2018,9.0
7,HIGH FIVE,Great Lakes,MENS,2018,9.43
9,FURIOUS GEORGE,Northwest,MENS,2018,11.0
9,MACHINE,Great Lakes,MENS,2018,10.0
11,JOHNNY BRAVO,South Central,MENS,2018,10.14
12,TEMPER,Mid-Atlantic,MENS,2018,13.14
13,RHINO SLAM!,Northwest,MENS,2018,8.86
14,MADISON CLUB,North Central,MENS,2018,11.43
15,CHAIN LIGHTNING,Southeast,MENS,2018,8.86
16,DIG,Northeast,MENS,2018,10.33
1,AMP,Mid-Atlantic,MIXED,2018,11.0
2,MIXTAPE,Northwest,MIXED,2018,11.83
3,SNAKE COUNTRY,Northeast,MIXED,2018,8.8
3,SPACE HEATER,Mid-Atlantic,MIXED,2018,10.0
5,BLACKBIRD,Southwest,MIXED,2018,9.83
6,DRAG'N THRUST,North Central,MIXED,2018,11.33
7,SHAME.,South Central,MIXED,2018,10.43
7,BFG,Northwest,MIXED,2018,11.57
9,MISCHIEF,Southwest,MIXED,2018,10.57
9,XIST,Northeast,MIXED,2018,9.43
11,TORO,Southeast,MIXED,2018,9.29
12,JUGHANDLE,Mid-Atlantic,MIXED,2018,11.86
13,SLOW WHITE,Northeast,MIXED,2018,11.43
14,NO TOUCHING!,North Central,MIXED,2018,11.0
15,COLUMBUS COCKTAILS,Great Lakes,MIXED,2018,12.29
16,POLAR BEARS,Southwest,MIXED,2018,11.57
1,FURY,Southwest,WOMENS,2018,11.2
2,BRUTE SQUAD,Northeast,WOMENS,2018,9.6
3,MOLLY BROWN,South Central,WOMENS,2018,10.6
3,RIOT,Northwest,WOMENS,2018,8.8
5,SCANDAL,Mid-Atlantic,WOMENS,2018,9.43
6,6IXERS,Northeast,WOMENS,2018,10.43
7,NIGHTLOCK,Southwest,WOMENS,2018,11.0
7,SCHWA,Northwest,WOMENS,2018,9.29
9,WILDFIRE,Southwest,WOMENS,2018,11.29
9,OZONE,Southeast,WOMENS,2018,10.57
11,NEMESIS,Great Lakes,WOMENS,2018,10.57
12,POP,North Central,WOMENS,2018,9.86
13,RIVAL,Great Lakes,WOMENS,2018,10.0
14,PHOENIX,Southeast,WOMENS,2018,10.14
15,TRAFFIC,Northwest,WOMENS,2018,10.57
16,HEIST,North Central,WOMENS,2018,10.14
